"Country Code","Country Desc","Holiday Date","Holiday Name",
"US","United States","	2023-12-25	","Christmas Day",
"US","United States","	2023-07-04	"," Independence Day",
"US","United States","	2023-08-11	"," test holiday1",
"US","United States","	2023-09-13	"," test holiday1",
"US","United States","	2023-10-13	"," test holiday2",
"US","United States","	2023-11-13	"," test holiday3",
"US","United States","	2023-12-13	"," test holiday4",
"US","United States","	2024-01-13	"," test holiday5",
"US","United States","	2024-02-13	"," test holiday6",
"CHINA","CHINA","	2023-09-13	"," test holiday1",
"CHINA","CHINA","	2023-10-13	"," test holiday2",
"CHINA","CHINA","	2023-11-13	"," test holiday3",
"CHINA","CHINA","	2023-12-13	"," test holiday4",
"CHINA","CHINA","	2024-01-13	"," test holiday5",
"CHINA","CHINA","	2024-02-13	"," test holiday6",
